company_name,city,email_found,timestamp
Warady & Davis LLP,Chicago,info@waradydavis.com,2026-03-18T23:22:13.994150
Gurian CPA Firm,Dallas,info@gurianco.com,2026-03-18T23:22:20.200091
Sage Financial Group,Philadelphia,scohn@sagefinancial.com,2026-03-18T23:25:26.263381
The Mather Group,Chicago,info@themathergroup.com,2026-03-18T23:25:44.321362
VMT Home Care,Washington,info@vmthc.com,2026-03-18T23:32:13.470962
Millman CPA Strategic Solutions PC,Nashville,lisa@lisamillmancpa.com,2026-03-18T23:32:33.458455
Cauley Forsythe Immigration,Charlotte,consult@cauleyforsythe.com,2026-03-18T23:34:36.086557
Damian Landeiro CPA PA,Miami,dlandeiro@landeirocpa.com,2026-03-18T23:34:44.725563
Michael K White CPA & Associates,San Francisco,info@michaelkwhitecpa.com,2026-03-18T23:35:03.665127
Klenk Law,Philadelphia,peterklenk@klenklaw.com,2026-03-18T23:35:07.865737
Centurion Tax & Accounting,Charlotte,info@centuriontax.net,2026-03-18T23:35:14.446984
UptoDate Bookkeeping,Blaine,info@uptodatebookkeeping.com,2026-03-18T23:35:39.421797
Jarus & Co,Irvine,info@jaruscpa.com,2026-03-18T23:36:10.332451
Gifford Dearing & Abernathy LLP,Los Angeles,mabernathy@gdalaw.com,2026-03-18T23:36:20.200234
Avenue Law Firm,New York,peter@avenuelawfirm.com,2026-03-18T23:39:29.515895
FairLaw Firm,Miami,intake@fairlawattorney.com,2026-03-18T23:40:18.402989
KIVA Pilates,Dallas,info@kivapilates.com,2026-03-18T23:42:18.433993
Tutor Doctor Main Line,Philadelphia,jford@tutordoctor.com,2026-03-18T23:42:35.452651
Mousel's MMA Academy,Houston,mousel@defend.net,2026-03-18T23:43:13.246345
Manna's Martial Arts,San Diego,office@manna.us,2026-03-18T23:44:49.275303
Urban Pump,Denver,gregg@urbanpump.com,2026-03-18T23:44:51.177019
Fog City Community Fitness,San Francisco,info@fogcitycf.com,2026-03-18T23:46:23.985884
XYMOGYM,Orlando,info@xymogym.com,2026-03-18T23:46:31.024285
FIT 407 Reformer Pilates,Orlando,info@fit407.com,2026-03-18T23:46:31.707588
Red Pelican Music,Los Angeles,team@redpelicanmusic.com,2026-03-18T23:47:42.292466
West Coast School of the Arts,Orange,info@wcdance.com,2026-03-18T23:47:42.944023
District Martial Arts,Washington,info@districtmartialarts.com,2026-03-18T23:49:03.870350
Connections Learning Center,Chicago,info@connectionslearningcenter.com,2026-03-18T23:49:17.833396
Big Shoulders Yoga,Chicago,info@bigshouldersyoga.com,2026-03-18T23:50:27.224270
3D Fitness,Houston,info@3dfitnesstx.com,2026-03-18T23:52:39.430600
Inner Me Studios,Houston,workout@innermestudios.com,2026-03-18T23:52:42.341670
The Pilates Firm,Cypress,contactus@thepilatesfirm.com,2026-03-18T23:52:43.479310
Union Three,Tampa,hi@unionthree.com,2026-03-18T23:55:11.675079
Lenox Hill Veterinarians,New York,reception@lenoxhillveterinarians.com,2026-03-18T23:55:18.756425
York Veterinary Center,New York,info@yorkveterinarycenter.com,2026-03-18T23:55:19.690773
Northside Veterinary Clinic,Brooklyn,info@nvcbrooklyn.com,2026-03-18T23:55:21.333545
Elite Orthodontics,New York,info@eliteorthonyc.com,2026-03-18T23:55:29.560657
Wall Street Orthodontics,New York,info@wallstreetortho.com,2026-03-18T23:55:30.275512
Collins Orthodontics,Nashville,info@collinsorthotn.com,2026-03-18T23:55:37.495544
Nations Dental Studio,Nashville,hello@nationsdentalstudio.com,2026-03-18T23:55:42.594421
Miller Family Dentistry,Nashville,miller@millerfamilydentistrytn.com,2026-03-18T23:55:43.548918
Boston Physical Therapy & Wellness,Boston,kaylar@bostonptwellness.com,2026-03-18T23:58:17.577442
Refresh Physical Therapy,Boston,frontdesk@refreshpt.com,2026-03-18T23:58:18.411024
Evolve Chiropractic & Wellness,Boston,frontdesk@evolve-chiropractic.com,2026-03-18T23:58:30.685832
The DC Dentist,Washington,staff@thedcdentist.com,2026-03-18T23:58:44.749014
The PHYT Collective,Washington,getphyt@phytcollective.com,2026-03-18T23:59:04.890564
Core Health Spine & Sports Care,San Diego,inquire@corehealthsd.com,2026-03-19T00:01:22.376495
San Diego Spine and Wellness Center,San Diego,drpadilla@drjamespadilla.com,2026-03-19T00:01:23.191106
B Medical Spa,San Diego,info@bmedspa.com,2026-03-19T00:02:48.937690
Comprehensive Dermatology Group,San Diego,frontdesk@comprehensivederm.com,2026-03-19T00:02:59.787988
Tierrasanta Veterinary Hospital,San Diego,clients@tvhvet.com,2026-03-19T00:03:13.672515
ABC Veterinary Hospital,San Diego,info@abcvets.com,2026-03-19T00:03:14.530705
Apache Animal Hospital,Minneapolis,contact@apacheanimal.com,2026-03-19T00:06:31.439768
Modern Love Veterinary,Minneapolis,contact@modernlovevet.com,2026-03-19T00:06:32.381875
Isles Dental,Minneapolis,info@islesdental.com,2026-03-19T00:07:42.696618
LAK MedSpa,Wayzata,info@lakmedspa.com,2026-03-19T00:07:45.117284
Market Street Dermatology,Minneapolis,info@marketstreetdermatology.com,2026-03-19T00:07:47.000582
Heights Dental Tampa,Tampa,office@heightsdentaltampa.com,2026-03-19T00:10:26.364839
Dental World Miami,Miami,info@dentalworldmiami.com,2026-03-19T00:11:41.705204
Precision Dental,Garden Grove,info@ocprecisiondental.com,2026-03-19T00:13:20.374042
Veterinary Medical Clinic Tampa,Tampa,info@vmctampa.com,2026-03-19T00:14:30.942256
Darabi Dermatology,Minneapolis,info@darabiderm.com,2026-03-19T00:14:56.983843
Maven Creative,Orlando,hello@mavencreative.com,2026-03-19T00:19:15.609714
MIS Solutions,Atlanta,info@mis-solutions.com,2026-03-19T00:20:29.133832
NGNSYS,Houston,info@ngnsys.com,2026-03-19T00:21:39.699220
One Step Secure IT,Phoenix,hello@onestepsecureit.com,2026-03-19T00:23:20.383174
ROI Amplified,Orlando,myroi@roiamplified.com,2026-03-19T00:23:30.688522
Illinois Fleet Service,Chicago,chrisfaltin@ilfsinc.com,2026-03-19T00:24:26.617996
Diriga Technologies,Orlando,info@diriga.com,2026-03-19T00:24:40.127707
Mortgages By Scott,Charlotte,scott.hastings@mortgagesbyscott.com,2026-03-19T00:26:14.273494
Delta Dallas,Dallas,maya@deltadallas.com,2026-03-19T00:26:21.620827
PrideStaff Dallas,Dallas,dallas@pridestaff.com,2026-03-19T00:26:46.830784
Unity Search Group,Houston,info@unitysearch.com,2026-03-19T00:26:52.056113
So Cal Property Enterprises,Corona,frontdesk@socalenterprise.com,2026-03-19T00:27:23.589633
Dennis Property Management,Lutz,shinfo@dennisrealty.com,2026-03-19T00:28:28.087245
Menzie & Associates,Nashville,david@menzieandassociates.com,2026-03-19T00:29:33.394843
Keymont Community Management,Arlington,contact@keymontcm.com,2026-03-19T00:29:41.263838
The Comana Company,La Mesa,info@comanacompany.com,2026-03-19T00:31:58.951932
MLS Mortgage Group,Minneapolis,info@mlsmortgage.com,2026-03-19T00:32:22.997071
Texas Wealth Management,Houston,info@texaswealthmanagement.com,2026-03-19T00:33:13.075625
Tristate Financial Advisors - Nashville,Nashville,info@tristatefa.com,2026-03-19T00:34:14.792340
Concierge Care Chicago,Chicago,info@openarmssolutions.com,2026-03-19T00:38:18.857734
Quality Sheet Metal and Welding,Piscataway,reception@qsm-w.com,2026-03-19T00:41:26.528399
Holmes Cabinet Specialties,Houston,hcs.cabinets@gmail.com,2026-03-19T00:43:35.975955
Signation Sign Group,Minneapolis,info@ssgix.com,2026-03-19T00:45:02.954780
SYNERGY HomeCare Manhattan,New York,sem@synergyhomecare.com,2026-03-19T00:47:55.504888
Philadelphia Couriers,Philadelphia,support@philadelphiacouriers.com,2026-03-19T00:48:01.951712
JDC Build Construction,San Diego,hello@jdcbuild.com,2026-03-19T00:49:06.286903
First Choice Home Builders,San Diego,info@1homebuilders.com,2026-03-19T00:49:08.630462
Sunrise Landscape,Tampa,info@sunriselandscape.com,2026-03-19T00:49:34.425044
Ameri Temp Air Conditioning,Miami,service@ameritempac.com,2026-03-19T00:49:41.860149
Toth Electric,North Jersey,info@tothelectricllc.com,2026-03-19T00:50:08.189752
San Diego Air Comfort,San Diego,info@aussiesheatingandair.com,2026-03-19T00:51:02.016173
HVAC Experts Inc,San Diego,contact@hvacexpertssd.com,2026-03-19T00:51:04.325923
T-Flow Plumbing,Boston,tflowplumbing@yahoo.com,2026-03-19T00:52:11.272128
The Boston Plumber,Boston,team@thebostonplumber.com,2026-03-19T00:52:12.425962
High Quality Plumbing LLC,Boston,info@highqualityplumber.com,2026-03-19T00:53:10.154913
Express Electrical Services,Orange County,info@expresselectricalservices.com,2026-03-19T00:53:13.872016
Oasis Urban Gardening,Washington,info@myoasisgarden.com,2026-03-19T00:53:33.744619
Ross & Witmer,Charlotte,info@rossandwitmer.com,2026-03-19T00:58:11.725178
The Renovation Company,North Jersey,info@njrenovate.com,2026-03-19T01:00:13.222390
Barker & Sons Plumbing,Orange County,service@barkerandsonsplumbing.com,2026-03-19T01:00:25.354566
Boston Landscaping Company,Boston,info@bostonlandscapingcompany.com,2026-03-19T01:02:42.511730
NBK Pest Control,Minneapolis,brad@nbkpestcontrol.com,2026-03-19T01:04:54.176223
Adam's Pest Control,Minneapolis,sales@adamspestcontrol.com,2026-03-19T01:04:55.517027
Central Bay Roofing,San Francisco,info@centralbayroofing.com,2026-03-19T01:08:10.600287
Tom Kennedy Electric,San Diego,info@tomkennedyelectric.com,2026-03-19T01:13:20.982878
Pest Solutions of Tampa Bay,Tampa,ivan@pestsolutionsoftampabay.com,2026-03-19T01:14:56.009886
PAINTech Inc,Washington,info@paintechinc.com,2026-03-19T01:15:08.900941
Mandy's Electric,Tampa,admin@mandyselectric.com,2026-03-19T01:15:36.472767
Lars Remodeling & Design,San Diego,info@larsremodel.com,2026-03-19T01:16:51.459980
Precision Home Design & Remodeling,San Diego,info@precision-sd.com,2026-03-19T01:16:52.609512
Washington House Painters,Washington,admin@washingtonhousepainters.com,2026-03-19T01:17:33.303258
Roots Landscape,Philadelphia,info@rootslandscape.com,2026-03-19T01:17:38.842465
FlowTech AC,Miami,info@flowtechac.com,2026-03-19T01:17:51.465267
Marina Bay Roofing,San Francisco,info@marinabayroofing.com,2026-03-19T01:18:12.443069
Hal Dorfman Architects,New York,contact@dorfmanarchitects.com,2026-03-19T01:18:30.295637
Baobab Architects PC,New York,info@baobabarchitects.com,2026-03-19T01:18:32.830071
Lowen + Associates,Nashville,jim@lowen-associates.com,2026-03-19T01:19:40.286598
Michael Goorevich Studio,Nashville,mgoorevich@michaelgoorevich.com,2026-03-19T01:19:41.092743
Design Build Partners,Nashville,rcochran@designbuildpartners.com,2026-03-19T01:19:41.913103
SMNG A Ltd,Chicago,info@smng-arch.com,2026-03-19T01:19:42.617678
Kwong Von Glinow,Chicago,hello@kwongvonglinow.com,2026-03-19T01:19:43.445085
Gamble + Gamble Architects,Atlanta,info@gg-architects.com,2026-03-19T01:19:51.500007
Ruard Veltman Architecture,Charlotte,info@ruardveltmanarchitecture.com,2026-03-19T01:20:04.343912
Parco Studio,San Francisco,info@parcostudio.com,2026-03-19T01:21:28.511735
Boston Architects & Builders,Boston,info@bostonab.com,2026-03-19T01:21:31.577380
Slocum Hall Design Group,Watertown,contact@slocumhalldesign.com,2026-03-19T01:21:33.168581
R. Michael Cross Design Group,Washington,info@rmichaelcross.com,2026-03-19T01:21:40.428637
Chris Doehrmann Architect,Minneapolis,hello@doehrmann.com,2026-03-19T01:21:49.797838
RoehrSchmitt Architecture,Minneapolis,info@roehrschmitt.com,2026-03-19T01:21:50.648535
JMA Architects,Mahwah,info@jma-architects.com,2026-03-19T01:21:52.069531
Burkett Engineering,Orlando,office@burkettengineering.com,2026-03-19T01:24:55.310719
Dave Schmitt Engineering,Orlando,dsemailbox@dseorl.com,2026-03-19T01:24:55.975262
Patterson Engineering Inc,San Diego,info@pattersoneng.com,2026-03-19T01:24:59.040113
Petersen Engineering,Boston,info@petersenengineering.com,2026-03-19T01:25:05.689555
Rani Engineering LLC,Minneapolis,marketing@ranieng.com,2026-03-19T01:25:35.454684
H+W Engineering Inc,San Diego,info@hwengr.com,2026-03-19T01:25:46.987121
Gray Space Interiors,Philadelphia,info@grayspaceinteriors.com,2026-03-19T01:26:02.291335
Form + Field,San Francisco,orders@formandfield.com,2026-03-19T01:26:12.862042
MOOD Design + Build,Chicago,candy@mooddesignbuild.com,2026-03-19T01:26:25.821130
JoJo Wong Design,Houston,hello@jojowongdesign.com,2026-03-19T01:26:33.320877
D'KOR HOME,Dallas,hello@dkorhome.com,2026-03-19T01:28:42.670380
S.B. Long Interiors,Dallas,info@sblonginteriors.com,2026-03-19T01:28:47.226884
DKOR Interiors,Miami,info@dkorinteriors.com,2026-03-19T01:30:59.008578
Brooke Voss Design,Minneapolis,brooke@brookevossdesign.com,2026-03-19T01:31:26.935852
Rhodes Surveying,Dallas,office@rhodessurveying.com,2026-03-19T01:31:41.454919
Dowdy Land Surveyors Inc,Fort Worth,orders@dowdylandsurv.com,2026-03-19T01:31:42.374016
Valentino & Associates Inc,Atlanta,evalentino@valentinosurvey.com,2026-03-19T01:31:43.747374
PLS Corporation,Denver,info@plscorporation.com,2026-03-19T01:33:20.803305
Colorado ILC Services,Denver,info@coloradoilc.com,2026-03-19T01:33:24.297874
Falcon Surveying Inc,Denver,info@falconsurveying.com,2026-03-19T01:33:25.065556
The Cauble Group,Nashville,tyler@thecaublegroup.com,2026-03-19T01:33:46.874752
Charles Hawkins Co,Nashville,info@charleshawkinsco.com,2026-03-19T01:33:52.398840
The Nichols Company,Charlotte,info@thenicholscompany.com,2026-03-19T01:35:03.170627
Park Commercial Real Estate,Charlotte,info@parkcre.com,2026-03-19T01:35:10.104977
Bay Street Commercial,Tampa,scott@baystreetcommercial.com,2026-03-19T01:35:15.570923
Hughes Commercial Real Estate,Atlanta,contactus@hughes-cre.com,2026-03-19T01:36:18.739420
Cumberland & Worthy,Atlanta,nick@mariettacre.com,2026-03-19T01:36:19.746709
Thirty-Four Commercial,Dallas,info@thirty-four.com,2026-03-19T01:36:30.335282
Davis Commercial,Houston,info@davis-commercial.com,2026-03-19T01:36:31.008488
CoCo Events,New York,info@cocoeventsinc.com,2026-03-19T01:36:42.017552
NYC Event Pro,New York,venues@nyceventpro.com,2026-03-19T01:36:48.476527
Roswell NYC,New York,contact@roswellstudios.com,2026-03-19T01:36:58.274746
Event More,Miami,contact@eventmore.us,2026-03-19T01:37:04.542949
Opulence Entertainment Group,Coral Gables,events@opulencemia.com,2026-03-19T01:37:06.454830
Plan Design Events,Miami,info@plandesignevents.com,2026-03-19T01:37:10.504038
Lisa Ivler Events,Northern NJ,info@lisaivlerevents.com,2026-03-19T01:37:24.193389
EBJ & Company,Nashville,casey@ebjandcompany.com,2026-03-19T01:37:33.477489
Creative Impact Group,Chicago,info@creativeimpactgroup.com,2026-03-19T01:37:48.959947
MDM Entertainment,Chicago,info@mdmentertainment.com,2026-03-19T01:37:49.805832
J.Shay Events,Dallas,info@jshay.events,2026-03-19T01:38:07.535706
Houston Event Planning,Houston,info@houstoneventplanning.com,2026-03-19T01:38:09.349569
Planned With,Houston,emily@plannedwith.com,2026-03-19T01:38:13.728768
Purposely Designed Event Planning,Charlotte,patrice@pdeventplanning.com,2026-03-19T01:40:38.005172
Special Moments Event Planning,Tampa,info@eventsbyspecialmoments.com,2026-03-19T01:40:47.887142
Erika O'Brien Events,Tampa,info@erikaobrienevents.com,2026-03-19T01:40:49.042086
Magen Group,Tampa,info@magenboys.com,2026-03-19T01:41:02.292917
L3 Events,Orlando,info@l3events.com,2026-03-19T01:41:10.283033
Cassis Productions,Los Angeles,events@cassisproductions.com,2026-03-19T01:41:32.848919
Wife of the Party,Los Angeles,hello@thewifeoftheparty.com,2026-03-19T01:41:39.325060
Iman Lee Events,San Diego,iman@imanlee.com,2026-03-19T01:45:05.058964
The Poppy Group,San Francisco,hello@thepoppygroup.com,2026-03-19T01:47:23.638539
Sachi & Maja,San Francisco,hello@sachiandmaja.com,2026-03-19T01:47:25.531065
Elle Weddings and Events,Boston,info@elleweddingsandevents.com,2026-03-19T01:48:09.992324
LeslieJames Events,Boston,kelly@lesliejamesevents.com,2026-03-19T01:48:14.089074
Evoke Design & Creative,Washington,info@evokedc.com,2026-03-19T01:48:26.808048
Roz Events,Denver,info@rozevents.com,2026-03-19T01:48:32.453608
Promise Event Planners,Denver,payton@promiseeventplanners.com,2026-03-19T01:48:33.361165
Do Good Events,Minneapolis,info@dogoodevents.com,2026-03-19T01:48:41.536954
Brilliante Events,Dallas,shine@brillianteventsinc.com,2026-03-19T01:50:04.432476
Keestone Events,Dallas,hello@keestoneevents.com,2026-03-19T01:50:05.502725
Peony Events,Morristown,info@peonyeventsco.com,2026-03-19T01:50:16.663285
Savvy Events & Entertainment,Tampa,info@savvydmc.com,2026-03-19T01:50:20.469750
Eventing Tampa Bay,Tampa,alyssa@eventingtampabay.com,2026-03-19T01:50:24.105445
aVenue Event Group,Orlando,info@avenueeventgroup.com,2026-03-19T01:50:57.070758
J.Leigh Events,Charlotte,hello@j-leigh.com,2026-03-19T01:50:59.412297
Amethyst Event Productions,Los Angeles,info@amethysteventproductions.com,2026-03-19T01:51:05.776379
Creative Happens,San Diego,info@creativehappens.com,2026-03-19T01:51:14.607781
Sutlan + Co.,Nashville,letschat@sutlanco.com,2026-03-19T01:52:45.411588
The DC Event Planner,Washington,info@eventsbytrb.com,2026-03-19T01:53:16.667165
Yogurtland,Irvine,cares@yogurtland.com,2026-03-19T01:54:04.687986
Blank & Co.,Los Angeles,hello@blankandco.com,2026-03-19T01:54:05.967535
Dr. Axe,Nashville,help@draxe.com,2026-03-19T01:54:09.514121
BlueWave Express Car Wash,Houston,cs@bluewaveexpress.com,2026-03-19T01:54:28.165477
Top Edge Car Wash,Tampa,info@topedgecarwashes.com,2026-03-19T01:55:40.431048
Soapy Joe's Car Wash,San Diego,info@soapyjoescw.com,2026-03-19T01:55:48.535196
Bubble Down Car Wash,Tampa,info@bubbledown.com,2026-03-19T01:55:58.344292
Creative Play Preschool,Charlotte,info@creativeplaycharlotte.com,2026-03-19T01:58:22.428362
Premier Academy,Tampa,info@premieracademytampa.com,2026-03-19T01:58:54.037522
General Facility Care LLC,Tampa,info@gfctampabay.com,2026-03-19T01:58:58.819670
Commercial Cleaning Service Inc,Boston,info@78clean.com,2026-03-19T01:59:07.679084
Penn Jersey Building Services,Philadelphia,info@penn-jersey.com,2026-03-19T01:59:23.629388
CNS Cleaning Company,Philadelphia,info@cnscleaningco.com,2026-03-19T01:59:28.255796
Cleanation Commercial Services,Costa Mesa,admin@cleanation.com,2026-03-19T01:59:37.175046
Momentum Janitorial,Orange County,info@momentumjanitorial.com,2026-03-19T01:59:38.954911
Aspen Maintenance Inc,Denver,mark@aspenmaintenance.com,2026-03-19T02:00:25.766955
Pro Squared Janitorial Services,Atlanta,info@prosquaredjanitorial.com,2026-03-19T02:00:34.298675
Oak Leaf Management,Houston,oakleafinfo@oakleafmgmt.com,2026-03-19T02:02:33.822174
Nomadic Real Estate,Washington,support@nomadicrealestate.com,2026-03-19T02:02:39.314096
Gordon James Realty,Washington,contact@gordonjamesrealty.com,2026-03-19T02:02:40.040885
LEAP Solutions LLC,Nashville,dliles@leapsolutionstn.com,2026-03-19T02:02:44.082201
J. Butler Property Management,Boston,clientsvc@jbutlerpropertymgmt.com,2026-03-19T02:02:52.914429
KNEAD Hospitality + Design,Washington,info@kneadhd.com,2026-03-19T02:02:57.720757
River Jetty Restaurant Group,Newport Beach,info@riverjettyrg.com,2026-03-19T02:04:08.421630
Breakwater Hospitality Group,Miami,info@breakwaterhg.com,2026-03-19T02:06:23.836315
KUSH Hospitality Group,Miami,info@kushhospitality.com,2026-03-19T02:06:25.810799
Rocket Restaurant Group,Minneapolis,ryan@rocketrestaurantgroup.com,2026-03-19T02:06:30.415290
The Briar Group,Boston,info@thebriargroup.com,2026-03-19T02:08:36.441959
Southeast Denver Dental,Denver,info@dentalwellness.com,2026-03-19T02:09:15.885645
Oradell Animal Hospital,Paramus,medicalrecords@oradell.com,2026-03-19T02:09:25.389208
Phoenix Veterinary Center,Phoenix,office@phoenixvetcenter.com,2026-03-19T02:09:42.524923
West LA Veterinary Group,Los Angeles,info@wlavg.com,2026-03-19T02:09:52.677215
Carolinas Veterinary Medical Hospital,Charlotte,office@carolinasvet.com,2026-03-19T02:12:07.324634
RIOT Hospitality Group,Scottsdale,lissadruss@riothg.com,2026-03-19T02:12:20.260409
SRG Concepts,Washington,hello@srgconcepts.com,2026-03-19T02:12:28.997824
Underbite Dental Management,New York,hr@myunderbite.com,2026-03-19T02:15:02.221054
Summerhill Commercial,Minneapolis,info@summerhillcommercial.com,2026-03-19T02:17:45.371702
Plaza Companies,Phoenix,info@theplazaco.com,2026-03-19T02:18:50.066372
Stiles Property Management,Orlando,adrienne.zalkind@stiles.com,2026-03-19T02:18:54.596369
Xclusive Realty Management,Orlando,teams@xrmgt.com,2026-03-19T02:18:55.742440
Ackley Property Management,Orlando,investments@ackleyflorida.com,2026-03-19T02:18:56.967131
Thrive Realty,Phoenix,office@thriverealtyaz.com,2026-03-19T02:18:58.811706
ARIA Commercial Cleaning Services,Orange County,contact@ariacleaningservices.com,2026-03-19T02:19:09.067847
Sunshine House Charlotte,Charlotte,hello@sshouse.com,2026-03-19T02:20:42.665704
Rent the District,Washington,contact@rentthedistrict.com,2026-03-19T02:20:48.801838
UHM Properties,Boston,contactus@uhmproperties.com,2026-03-19T02:21:04.437096
Rockwell Management,Houston,info@rockwellmgmt.com,2026-03-19T02:22:10.070607
The Fifty/50 Group,Chicago,info@thefifty50group.com,2026-03-19T02:28:55.737743
Menu Maker Catering,Nashville,info@menumakercatering.com,2026-03-19T02:31:05.864502
Ambrosia Catering,Nashville,info@ambrosiacateringtn.com,2026-03-19T02:31:09.598508
Ms. Cheezious,Miami,eat@mscheezious.com,2026-03-19T02:31:16.721533
Keifs Catering,Houston,keifscatering@gmail.com,2026-03-19T02:33:55.903457
Cook Collective,Brooklyn,hello@cookcollectivekitchen.com,2026-03-19T02:36:26.013907
13th Street Kitchens,Philadelphia,info@13thstreetkitchens.com,2026-03-19T02:38:47.914252
High Street Hospitality Group,Philadelphia,info@highstreetphilly.com,2026-03-19T02:39:15.434034
Big City Catering,Orlando,tom@bigcitycatering.com,2026-03-19T02:39:17.577884
Buchmann Bakery & Restaurant Supplies,San Diego,sales@buchmannegg.com,2026-03-19T02:39:22.395677
The Coconut Truck,Orange County,info@thecoconuttruck.com,2026-03-19T02:39:46.878563
Sinplicity Catering,Washington,info@sinplicitycatering.com,2026-03-19T02:40:05.081367
CNF Catering,Washington,sales@cnfcatering.com,2026-03-19T02:40:05.892823
Spilled Milk Catering,Washington,info@spilledmilkcatering.com,2026-03-19T02:40:14.213811
Cohn Restaurant Group,San Diego,contactus@dinecrg.com,2026-03-19T02:40:37.871506
A La Carte Catering Dallas,Dallas,alc@alacartedallas.com,2026-03-19T02:40:55.383039
Night We Met,Nashville,info@nightwemet.com,2026-03-19T02:43:06.320863
Fat Freddys Catering,Phoenix,sales@fatfreddyscatering.com,2026-03-19T02:43:09.169104
Poppies Dough,Chicago,949.0505info@poppiesbakeshop.com,2026-03-19T02:43:23.060506
Lineage Coffee Roasting,Orlando,wholesale@lineageroasting.com,2026-03-19T02:43:33.389089
Grandaisy Bakery,New York,info@grandaisybakery.com,2026-03-19T02:43:39.149681
She Wolf Bakery,Brooklyn,hello@shewolfbakery.com,2026-03-19T02:43:41.483049
Skopos Hospitality,Northern New Jersey,info@skoposhospitality.com,2026-03-19T02:46:08.176688
Ibiza Catering,Atlanta,info@ibizaeventcatering.com,2026-03-19T02:48:11.540289
The Wild Thyme Company,San Diego,info@thewildthymecompany.com,2026-03-19T02:49:25.051958
Toast Catering,San Diego,info@toastcatering.com,2026-03-19T02:49:26.009448
San Diego Paella,San Diego,info@sandiegopaella.com,2026-03-19T02:49:26.926905
CoClubs,Denver,info@coclubs.com,2026-03-19T02:49:32.153266
Plus Catering Orlando,Orlando,info@pluscateringorlando.com,2026-03-19T02:51:08.114539
Wendy Krispin Caterer,Dallas,info@wendykrispincaterer.com,2026-03-19T02:51:38.944775
Royal Restaurant Group,Philadelphia,info@rrgphilly.com,2026-03-19T02:51:41.065070
Archive CLT,Charlotte,hello@archiveclt.com,2026-03-19T02:56:25.789135
Three Sisters Catering,Atlanta,info@threesisterscatering.com,2026-03-19T02:56:28.294554
A Delightful Bitefull Catering,Atlanta,info@bitefull.com,2026-03-19T02:56:29.146081
Southern Standard Hospitality,Houston,info@southernstandardhouston.com,2026-03-19T02:58:46.213475
Club Underground,Minneapolis,booking@clubunderground.net,2026-03-19T03:01:18.829077
Cuisiniers Catering,Orlando,info@www.cuisinierscater.com,2026-03-19T03:01:27.230852
Sneaky Petes,Minneapolis,events@ultimatefunbar.com,2026-03-19T03:02:42.798163
Aurora Catering,Oakland,dawn@auroracateringbayarea.com,2026-03-19T03:04:58.171402
Taste Catering,San Francisco,info@tastecatering.com,2026-03-19T03:05:03.708047
SF Catering Company,San Francisco,info@sfcateringcompany.com,2026-03-19T03:05:04.882405
Toscana Restaurant Group,Los Angeles,trg@toscanarestaurantgroup.com,2026-03-19T03:07:15.354938
Simply Lisas Catering,Northern New Jersey,simplylisascatering@gmail.com,2026-03-19T03:10:04.289680
Jays Catering,Orange County,info@jayscatering.com,2026-03-19T03:10:05.033085
Canyon Catering,Orange County,info@canyoncatering.net,2026-03-19T03:10:06.070475
Taylor Made Cuisine,Orange County,hello@taylormadecuisine.com,2026-03-19T03:10:14.283854
O'Brien Garage Doors,Chicago,customercare@obriendoor.com,2026-03-19T03:11:55.629746
Door Boy,Northern NJ,sales@doorboy.com,2026-03-19T03:13:03.357750
Ohana Garage Door Repair,Houston,info@ohanagd.com,2026-03-19T03:13:09.125217
Rockstar Garage Door Services,San Diego,info@rsgaragedoorservices.com,2026-03-19T03:13:21.074731
RD Appliance Service Corp.,Long Island,contact@rdapplianceservice.com,2026-03-19T03:14:45.825048
PAR Premier Appliance Repair,Houston,info@parhouston.com,2026-03-19T03:16:09.574248
Guinco Service,Fort Worth,yourservice@guinco.com,2026-03-19T03:16:16.800555
Thunderbird Pools,Phoenix,sales@thunderbirdpools.com,2026-03-19T03:16:22.145822
Del Rancho Pools,San Diego,info@delranchopools.com,2026-03-19T03:16:35.797459
Viking Pool Service,Tampa,mark@vikingpoolservice.com,2026-03-19T03:16:36.660980
Full Splash Pools,Houston,713-347-7665service@fullsplash.com,2026-03-19T03:17:53.877641
Arizona Irrigation Company,Phoenix,sales@azirrigationco.com,2026-03-19T03:19:30.619274
Bertolli Floors,Atlanta,bruno@bertollifloors.com,2026-03-19T03:19:35.508403
iFlooring,Minneapolis,support@ifloormn.com,2026-03-19T03:20:51.518556
P. Saylor Fence,Mooresville,service@psaylorfence.com,2026-03-19T03:23:01.274352
Reuben Borg Fence,San Jose,info@rbfence.com,2026-03-19T03:23:03.995524
Marsh Fence & Deck Co.,San Bruno,customerservice@marshfence.com,2026-03-19T03:26:14.945924
K&C Fence Nashville,Nashville,office@fencenashville.net,2026-03-19T03:27:31.617727
Cole Deck and Fence,Nashville,info@coledeckandfence.com,2026-03-19T03:27:32.299193
The Deck Company,Denver,hatton@thedeckcompanyinc.com,2026-03-19T03:28:37.055546
Denver Deck Builders,Denver,info@denverdechbuilder.com,2026-03-19T03:28:38.003904
Limitless Construction,Philadelphia,info@limitlessinds.com,2026-03-19T03:28:47.380690
Finelines,Boston,info@finelines.com,2026-03-19T03:30:07.843800
Jacoby Company,Los Angeles,info@jacobycompany.com,2026-03-19T03:30:31.816464
Smith's Blind & Shade,Nashville,info@smithblind.com,2026-03-19T03:30:38.802315
Desert Sky Closets,Phoenix,info@desertskyclosets.com,2026-03-19T03:30:54.683463
Two Strong Dudes Moving,Charlotte,info@twostrongdudesmoving.com,2026-03-19T03:31:19.953440
Above & Beyond Moving Company,Charlotte,info@aboveandbeyondmovingcompany.com,2026-03-19T03:31:20.882326
Hornet Moving,Charlotte,hornetmoving@gmail.com,2026-03-19T03:31:27.037776
The Move Crew,Minneapolis,hello@themovecrew.com,2026-03-19T03:31:33.696846
Junk Angel,Orlando,kyle@junkangel.com,2026-03-19T03:32:44.862861
Mike's Hauling Service,Washington,hello@mikeshaulingservice.com,2026-03-19T03:32:57.673286
Boston Junk Removal,Boston,info@bostonjunkremoval.com,2026-03-19T03:33:01.156603
Heavenly Garage Doors,Nashville,info@heavenlygaragedoors.com,2026-03-19T03:34:24.460567
Appliance Cowboys,Houston,service@appliancecowboys.com,2026-03-19T03:34:59.071875
All-Pro Fence Company,Phoenix,info@allprofenceaz.com,2026-03-19T03:36:51.582052
Land Designs by Colton,Denver,info@landdesignsbycolton.com,2026-03-19T03:38:08.386091
Orange County Shutters,Orange County,info@orangecountyshutters.com,2026-03-19T03:38:31.749811
Field Work Design & Craft,Los Angeles,casey@fieldworkdesigncraft.com,2026-03-19T03:38:32.832186
Alliance Rubbish Removal,Dallas,eren@alliancerubbish.com,2026-03-19T03:39:57.242191
Lakeside Floor Covering,Minneapolis,info@lakesidefloorcovering.com,2026-03-19T03:42:28.842710
DeckPro Surface Solutions,Philadelphia,info@deckprosurfacesolutions.com,2026-03-19T03:42:38.418505
Boston Hardwood Decks,Boston,sales@bostonhardwooddecks.com,2026-03-19T03:42:39.224495
Medical Weight Control and Nutrition,New York,info@weightmd.com,2026-03-19T03:43:14.888612
Nusbaum Weight Loss Centers,Northern NJ,reception@nusbaumweightloss.com,2026-03-19T03:43:58.212296
Dr. Girouard's Weight Loss & Wellness Clinics,Charlotte,admin@drgirouardmd.com,2026-03-19T03:44:04.097560
Eden MedSpa,Charlotte,frontdesk@myedenmedspa.com,2026-03-19T03:44:18.268059
Nuuvo Health,Dallas,info@nuuvohealth.com,2026-03-19T03:44:21.720310
IV League Hydration,Boston,info@ivleaguehydration.com,2026-03-19T03:44:43.239576
IntraVenous Solutions,Nashville,info@ivsolns.com,2026-03-19T03:44:48.707913
OC Fertility + OC Biogenix,Newport Beach,media@ocfertility.com,2026-03-19T03:45:03.135696
New Hope Fertility Institute of Texas,Houston,info@newhopefitx.com,2026-03-19T03:45:17.493584
Tree of Life Fertility Center,Los Angeles,contact@tlcfertility.com,2026-03-19T03:45:29.562161
Sleep Medicine Consultants of North Texas,Dallas,sleep@ntxsleep.com,2026-03-19T03:45:39.598251
Lighthouse Recovery Texas,Dallas,hello@lighthouserecoverytx.com,2026-03-19T03:45:50.106194
MARR Addiction Treatment Center,Atlanta,info.marr@marrinc.org,2026-03-19T03:45:52.169664
Etowah Recovery Center,Atlanta,info@etowahrecovery.com,2026-03-19T03:45:54.823029
Positive Sobriety Institute,Chicago,admissions@positivesobrietyinstitute.com,2026-03-19T03:46:02.857221
Into Action Recovery Centers,Houston,info@intoactionrecovery.com,2026-03-19T03:46:06.129867
Emily Marie OT LLC,Philadelphia,contact@emilymarieot.com,2026-03-19T03:48:09.017112
TheraPlayLA,Los Angeles,hello@theraplayla.com,2026-03-19T03:51:30.508611
ErgoTherapy,San Francisco,cid@ergotherapy.us,2026-03-19T03:52:38.365596
COAST SF,San Francisco,hello@coastsf.com,2026-03-19T03:52:39.083032
Speak for Yourself LLC,Houston,admin@speak-yourself.com,2026-03-19T03:52:43.266317
The Voz Institute,Washington,info@thevozinstitute.com,2026-03-19T03:52:44.087353
Capitol Kids Therapy,Washington,leslie.humes@capitolkidstherapy.com,2026-03-19T03:52:46.856877
The Center for Speech & Language Development,Chicago,info@thespeechlanguagecenter.com,2026-03-19T03:52:52.120111
Therapy Lab of OC,Orange County,info@therapylabofoc.com,2026-03-19T03:52:56.064493
Creative Strategies Therapy,Boulder,cathy@creativestrategiestherapy.com,2026-03-19T03:53:07.678203
Applied Hearing Solutions,Phoenix,hello@gmail.com,2026-03-19T03:53:10.443068
Hearing Solutions,Norwood,office@hearingsolutionsinc.org,2026-03-19T03:57:15.603744
First Care Medical Clinic,Charlotte,callcenter@firstcarecanhelp.com,2026-03-19T03:58:19.222391
Manchester Urgent Care,Los Angeles,frontdesk@manchesteruc.com,2026-03-19T03:58:56.123729
Advanced Urgent Care & Occupational Medicine,Denver,customercare@advurgent.com,2026-03-19T03:58:59.306072
Concierge Medical Care,Denver,info@conciergemedicalcare.com,2026-03-19T03:59:10.004833
Your Doctor,St. Paul,burgeson@yourdoctormn.com,2026-03-19T03:59:18.279333
Executive Healthcare Services,Washington,membership@ehsdocs.com,2026-03-19T03:59:33.504860
Exceptional Health,Boston,office@exceptionalhealthmd.com,2026-03-19T03:59:44.413024
Fidelity Medical Clinic,Tampa,fmc@fidelitymedicalclinic.com,2026-03-19T04:01:54.406059
Mujtaba Clinic,Clifton,info@indiantypefoundry.com,2026-03-19T04:02:05.164910
Hello Hydration IV,Dallas,drip@hellohydrationiv.com,2026-03-19T04:02:14.630635
West Coast Fertility,Fountain Valley,patientcare@westcoastfertility.com,2026-03-19T04:03:30.255308
4 Better Sleep Centers,Dallas,careers@4bettersleep.com,2026-03-19T04:03:40.218117
Samaritan Recovery Community,Nashville,info@samctr.org,2026-03-19T04:03:43.659345
Avid Speech Therapy,Orange County,info@avidspeech.com,2026-03-19T04:07:20.222336
Small Talk OC,Orange County,natalie@smalltalkoc.com,2026-03-19T04:07:21.118394
Perlman Clinic,San Diego,info@perlmanclinic.com,2026-03-19T04:08:39.359016
MedNOW Clinics,Denver,info@mednowclinics.com,2026-03-19T04:08:40.297880
Dr. Elliot Dinetz ConciergeMD,Miami,info@elliotdinetz.com,2026-03-19T04:09:56.057161
Oak Tree Developmental Center,Chicago,oaktree@oaktreekids.com,2026-03-19T04:10:00.400764
Espresso Dental,Seattle,info@weomedia.com,2026-03-19T04:11:52.162002
Northgate Smiles,Seattle,info@northgatesmiles.com,2026-03-19T04:11:53.085316
Dental Care Seattle,Seattle,smiles@dentalcareseattle.com,2026-03-19T04:11:53.953539
Floss Seattle,Seattle,info@flossseattle.com,2026-03-19T04:12:32.591350
Highland West Dental Care,Austin,info@highlandwestdentalcare.com,2026-03-19T04:12:33.424576
Smile Creations ATX,Austin,info@smilecreationsatx.com,2026-03-19T04:12:37.457632
Walden Dental,Austin,info@waldendentaltx.com,2026-03-19T04:12:38.446231
Downtown Dental Associates,Portland,info@ddaportland.com,2026-03-19T04:12:41.859206
Seattle Aesthetics,Seattle,beauty@seattleaesthetics.com,2026-03-19T04:18:43.085208
Bare Body Spa,Austin,jeannette@barebodyspa.com,2026-03-19T04:20:49.342292
Komal Aesthetics & Wellness,Portland,info@komalaesthetics.com,2026-03-19T04:20:57.618149
Beauty CO,Raleigh,hello@beautycoraleigh.com,2026-03-19T04:23:39.187143
Nuance Aesthetics,Salt Lake City,info@nuanceaesthetics.com,2026-03-19T04:23:41.974802
Anew You Medical Aesthetics,San Antonio,vip@anewyousa.com,2026-03-19T04:23:42.887053
Efficiency Heating & Cooling,Portland,service@eheatcool.com,2026-03-19T04:24:19.093184
Klimatology HVAC,Raleigh,info@kilmatologyhvac.com,2026-03-19T04:24:20.396034
Jay's Heating and Cooling,Raleigh,jay@jaysraleighhvac.com,2026-03-19T04:24:21.359575
Allen Kelly & Co.,Raleigh,info@allenkelly.com,2026-03-19T04:24:22.275221
Knockout Plumbing & Mechanical,Seattle,info@knockoutplumbingseattle.com,2026-03-19T04:24:51.888902
Chabert Plumbing LLC,Austin,estimating@chabertplumbing.com,2026-03-19T04:25:00.972458
PipeTechs Plumbing,Raleigh,service@pipetechsplumbing.com,2026-03-19T04:26:12.774869
Pipe Dreams Plumbing,Las Vegas,chancevanek@pipedreamsplumbingco.com,2026-03-19T04:26:28.030574
Gary Rodgers Plumbing,Jacksonville,office@grodgerspc.com,2026-03-19T04:26:39.676385
360 Electrical Contractors,Austin,rconner@360electricalcontractors.com,2026-03-19T04:26:41.194443
Beckett Electrical Services,Austin,shannon@beckettelectrical.com,2026-03-19T04:26:43.601336
Penny Electric,Las Vegas,email@pennyelectric.com,2026-03-19T04:27:12.442548
Bolt Electric,Jacksonville,info@boltelectricnfl.com,2026-03-19T04:27:13.197153
Victor Jones CPA PC,Seattle,victor@victorjonescpa.com,2026-03-19T04:27:16.414926
Raymond Lyle CPA PLLC,Seattle,andrew@raymondlylecpa.com,2026-03-19T04:27:18.908035
David French CPA,Austin,info@davidfrenchcpa.com,2026-03-19T04:28:23.231248
Timothy R. Rossmiller CPA PC,Austin,tim@rossmillercpa.com,2026-03-19T04:28:30.767414
Neumann Curtis CPAs,Portland,info@neumanncurtis.com,2026-03-19T04:28:35.016530
C.E. Thorn CPA PLLC,Raleigh,carson@carsonthorncpa.com,2026-03-19T04:28:35.800142
Mark Vitek CPA PA,Raleigh,mark@markvitekcpa.com,2026-03-19T04:28:36.794397
Mills & Company CPA,Salt Lake City,ryan@millsandcompany.com,2026-03-19T04:29:45.854019
BC&V Advisors + CPAs,San Antonio,info@bcvcpa.com,2026-03-19T04:29:46.555278
Jevons Property Management,Seattle,enrique@jevonsproperties.com,2026-03-19T04:31:14.044348
PropM Inc,Portland,info@propmhomes.com,2026-03-19T04:32:09.782232
Property Specific Management,Raleigh,rentals@propspecific.com,2026-03-19T04:36:24.912202
Atara Property Management,Salt Lake City,info@atarapm.com,2026-03-19T04:36:38.515753
Davidson Properties Inc,San Antonio,mail@davidsonproperties.com,2026-03-19T04:36:40.841087
Five Star Property Management,Las Vegas,contact@fivestarpm.com,2026-03-19T04:37:52.945265
Brady Realty Group,Las Vegas,info@bradyrg.com,2026-03-19T04:37:54.078806
SMART Property Management,Las Vegas,info@managevegas.com,2026-03-19T04:37:55.281711
Valiant Realty & Management,Jacksonville,info@sampleaddress.com,2026-03-19T04:37:56.509871
Green River Property Management,Jacksonville,kris@greenriverpm.com,2026-03-19T04:40:26.549767
John M. Lane Law PLLC,Austin,john@johnlanelaw.com,2026-03-19T04:40:39.188604
AGS Law,Salt Lake City,contact@agslawfirm.com,2026-03-19T04:40:59.578031
Trades Labor Corporation,Seattle,info@tradeslabour.com,2026-03-19T04:41:21.443988
Recruiting Connection,Salt Lake City,office@recruitingconnectiong.org,2026-03-19T04:41:36.559512
PrideStaff Las Vegas,Las Vegas,info@pridestaff.com,2026-03-19T04:41:57.613938
Oliver Insurance Brokerage,Austin,john@oliverinsurancebrokerage.com,2026-03-19T04:42:15.951420
EPB&B Insurance,Portland,insure@epbb.com,2026-03-19T04:42:16.902938
NIS Insurance,Las Vegas,info@nis.vegas,2026-03-19T04:42:47.212770
Ricci Insurance Group,Jacksonville,info@ricciinsurancegroup.com,2026-03-19T04:44:54.457985
Skinlogic Med Spa,Seattle,info@skinlogicmedspa.com,2026-03-19T04:49:44.671371
Guardian Heating and Air,Jacksonville,info@getcooljax.com,2026-03-19T04:51:24.954765
Hollis CPA Firm,Austin,cameron@holliscpa.com,2026-03-19T04:51:47.862212
Perpetual CPA,Portland,info@perpetualcpa.com,2026-03-19T04:51:51.805033
Foster & Associates CPA LLC,Portland,firm@fostercpas.com,2026-03-19T04:51:53.080301
Thorne and Associates,Salt Lake City,mark@thorne-cpa.com,2026-03-19T04:51:55.882997
VCB PC,Salt Lake City,admin@vcb-cpa.com,2026-03-19T04:51:56.886560
Michael Johnson CPA and Associates,Las Vegas,info@michaeljohnsoncpa.com,2026-03-19T04:52:01.566373
Gerety and Associates CPAs,Las Vegas,inquiry@geretycpa.com,2026-03-19T04:52:02.514392
Alder Law Group,Salt Lake City,info@utahtrustattorneys.com,2026-03-19T04:52:08.192770
Gonzalez Law Firm,Las Vegas,info@gonzalezfirmnv.com,2026-03-19T04:53:07.931077
Spherion Raleigh,Raleigh,spherionraleigh@spherion.com,2026-03-19T04:53:20.715107
INSURE Raleigh,Raleigh,info@insure-nc.com,2026-03-19T04:53:35.444911
Einstein Insurance,Seattle,info@einsteinins.com,2026-03-19T04:53:40.162929
The Texas Insurance Broker,Austin,tom@thetexasinsurancebroker.com,2026-03-19T04:53:48.868870
Meridian Insurance,Portland,jeff@youreprotected.net,2026-03-19T04:53:50.333549
Power Plumbing,Portland,service@powerplumbingco.com,2026-03-19T04:53:54.009675
HAAS CPA PLLC,Seattle,kelly@haascpas.com,2026-03-19T04:56:18.268156
Carl Muniz CPA,San Antonio,carl@muniz.cpa,2026-03-19T04:56:18.963191
Anderson Bradshaw PLLC,Salt Lake City,lmurphy@abcpas.net,2026-03-19T04:56:21.104403
MOLVI CPA LLC,Portland,info@molvicpa.com,2026-03-19T04:56:24.708632
Clintonville Dental Group,Columbus,info@clintonvilledentalgroup.com,2026-03-19T04:56:26.614188
Columbus Family Dental Care,Columbus,info@columbusfamilydentalcare.com,2026-03-19T04:56:30.062558
Brown Consulting Group LLC,Columbus,keith@browngroupcpa.com,2026-03-19T04:59:26.383869
Laubie Dotson Ryan LLC,Columbus,info@ldrcpa.com,2026-03-19T04:59:27.429729
HHH CPA Group,Columbus,hhh@hhhcpagroup.com,2026-03-19T04:59:28.280322
Monarch Aesthetic Medicine,Columbus,info@monarch-aesthetic.com,2026-03-19T04:59:31.759226
Nina Deep MD Aesthetics,Columbus,info@ninadeep.com,2026-03-19T04:59:32.937825
Family Heating & Air,Indianapolis,marcusmorris@familyhvac.net,2026-03-19T04:59:59.203283
Carter's My Plumber,Indianapolis,info@cartersmyplumber.com,2026-03-19T05:00:17.867875
SomaVie Wellness Center & Med Spa,Indianapolis,info@somaviewellness.com,2026-03-19T05:00:39.063282
Aspire CPAs PC,Indianapolis,acct@aspirecpas.com,2026-03-19T05:00:53.353227
Marietta CPAs,Indianapolis,office@mariettacpa.com,2026-03-19T05:00:57.870191
Red Door Property Management,Indianapolis,mtaylor@reddoorrents.com,2026-03-19T05:01:10.765231
Dental Designs KC,Kansas City,staff@dentaldesignskc.com,2026-03-19T05:04:23.400350
Law Office of Kathleen E. Irish LLC,Kansas City,kathleen@kansascityimmigration.com,2026-03-19T05:04:25.962167
Kirschbaum & Nowotny LLC,Kansas City,info@knimmigrationlaw.com,2026-03-19T05:04:26.751027
Kansas City Electricians,Kansas City,info@kansascityelectricians.com,2026-03-19T05:08:54.973609
Reller & Company CPA PC,Kansas City,info@rellercpa.com,2026-03-19T05:09:02.861662
aNu Aesthetics and Optimal Wellness,Kansas City,info@anuaesthetics.com,2026-03-19T05:09:12.671234
Jaskot Law,Baltimore,jared@jaskot.law,2026-03-19T05:10:19.781284
Graber & Associates CPAs,Baltimore,sgraber@grabercpa.com,2026-03-19T05:10:20.615547
Capital Staffing,Sacramento,info@capitalstaffing.com,2026-03-19T05:18:44.335209
Fechter & Company CPAs,Sacramento,scottg@fechtercpa.com,2026-03-19T05:18:47.536228
Jill Jacobs & Company Inc,Sacramento,adminstaff@jilljacobscpa.com,2026-03-19T05:18:48.507857
Castro Property & Commercial Insurance,Sacramento,julio@castroins.com,2026-03-19T05:18:51.425170
Schooley Law Firm,Richmond,admin@schooleyfirm.com,2026-03-19T05:19:00.427880
FloranceGordonBrown,Richmond,info@fgb.com,2026-03-19T05:19:07.328391
TECHEAD,Richmond,info@techead.com,2026-03-19T05:23:08.140712
Meier Layer and Yu,Cincinnati,info@cincinnatidentists.com,2026-03-19T05:23:11.650308
CEO Electric Services,Cincinnati,info@ceoelectric.com,2026-03-19T05:23:35.778382
Seibel & Katz CPAs,Cincinnati,bob@seibelkatzcpa.com,2026-03-19T05:26:13.045646
Shannon K. Chavez CPA Inc,Cincinnati,shannon@shannonchavezcpa.com,2026-03-19T05:26:15.975852
Wilson Insurance Group,Cincinnati,hello@wilsoninsurance.com,2026-03-19T05:26:18.214276
ConfiDENTAL,Milwaukee,downtowndental@confidentalmke.com,2026-03-19T05:28:44.905570
Milestone Plumbing Inc,Milwaukee,office@milestoneplumbinginc.com,2026-03-19T05:30:16.810662
Dynamic Property Management,Milwaukee,info@dpmwi.com,2026-03-19T05:33:02.818290
The Insurance Office,Milwaukee,contact@theinsuranceofficemke.com,2026-03-19T05:33:05.084687
Five Star Heating & Cooling Group,Columbus,inbound@fivestarheatingandcoolinggroup.com,2026-03-19T05:34:48.592231
Indiana Property Management Group,Indianapolis,info@indianapmg.com,2026-03-19T05:35:09.103240
EVERGROW Property Management,Indianapolis,management@evergrowpm.com,2026-03-19T05:35:10.134710
InVein Aesthetics,Baltimore,hello@inveinspa.com,2026-03-19T05:38:59.555739
Numa Aesthetics,Baltimore,hello@numaaesthetics.com,2026-03-19T05:39:29.518547
Sacramento Accounting & Advisory Group,Sacramento,info@saagcpas.com,2026-03-19T05:39:45.606322
Twin Dental,Cincinnati,patients@twindental.com,2026-03-19T05:41:12.328685
Roman Electric,Milwaukee,info@romanelectric.com,2026-03-19T05:41:45.034092
Welcome Home Milwaukee,Milwaukee,hello@whmilwaukee.com,2026-03-19T05:41:48.409558
PMI Columbus,Columbus,info@pmicolumbus.com,2026-03-19T05:43:20.321420
Shepard Immigration Law,Indianapolis,info@shepardimmigrationlaw.com,2026-03-19T05:44:08.796629
Denier Electric,Cincinnati,info@denier.com,2026-03-19T05:46:45.649030
KenMarc Electric,Cincinnati,marcjr@kenmarcelectric.com,2026-03-19T05:46:46.405536
Spherion Cincinnati,Cincinnati,linnsyravong@spherion.com,2026-03-19T05:46:47.267624
Lane & Hamner PC,Richmond,sarah@laneandhamner.com,2026-03-19T05:47:13.515496
Ellis Dental,Crestwood,reception@ellisdental.com,2026-03-19T05:49:50.799471
St. Louis Dental West,Kirkwood,teeth@stldentalwest.com,2026-03-19T05:49:54.179180
Croghan & Croghan CPA,Kirkwood,cindy@croghancpa.com,2026-03-19T05:52:31.651535
Schlapprizzi Attorneys at Law,St. Louis,info@schlapprizzipc.com,2026-03-19T05:52:57.925309
Warwick Dentistry,Pittsburgh,office@warwickdmd.com,2026-03-19T05:53:54.227592
Aetheria Aesthetics & Wellness,Pittsburgh,info@aetheriaaesthetics.com,2026-03-19T05:53:57.688534
Ethereal Skin Medical Spa,Pittsburgh,etherealskinmedspa@gmail.com,2026-03-19T05:54:26.173764
Findon & Associates CPAs,Pittsburgh,info@findoncpa.com,2026-03-19T05:54:47.171807
Nelson Property Management,Detroit,ben@nelsonpm.com,2026-03-19T05:58:32.718041
K-M Law PLLC,Lincoln Park,info@k-m-law.com,2026-03-19T06:00:48.421473
Midwest Underwriters,Detroit,info@midwestunderwriters.com,2026-03-19T06:02:55.128979
OHM Electrical Contractors LLC,New Orleans,operations@ohm.services,2026-03-19T06:05:33.209380
Cowart Roe CPA LLC,New Orleans,catherine@cowartroecpa.com,2026-03-19T06:05:43.792841
Adeeta Corporate Staffing,New Orleans,resumes@adeeta.com,2026-03-19T06:08:23.501454
A/C Electric Company Inc.,Memphis,office@acelectric901.com,2026-03-19T06:08:26.630399
Power Source Electric LLC,Memphis,office@powersourcetn.com,2026-03-19T06:08:31.798005
Choates HVAC,Memphis,customerservice@choateshvac.com,2026-03-19T06:08:42.912132
Advantage Property Management,Memphis,info@advantagepropertymgmt.com,2026-03-19T06:08:54.854440
RiverTown Realty,Memphis,info@myrivertownrealty.com,2026-03-19T06:08:56.064246
Pete Mitchell and Associates,Memphis,helpdesk@petemitchellins.com,2026-03-19T06:10:02.535097
Roberts CPA Group,Louisville,infonow@roberts.cpa,2026-03-19T06:13:15.723895
Schwartz Insurance Group,Louisville,solutions@schwartzinsgrp.com,2026-03-19T06:13:22.325172
Complete Dental Care PC,Birmingham,frontdesk@completedental-al.com,2026-03-19T06:16:29.255942
Barringer CPA LLC,Birmingham,scott@barringercpa.com,2026-03-19T06:16:36.600673
Accounting Complete,Birmingham,info@accounting-complete.flywheelstaging.com,2026-03-19T06:16:40.098722
Law Office of Tai Stevenson,Oklahoma City,tai@stevensonkim.com,2026-03-19T06:17:00.515169
LOU LOU Med Spa,Oklahoma City,info@louloumedspa.com,2026-03-19T06:17:24.032221
Longevity Med Spa,Oklahoma City,info@stagheaddesigns.com,2026-03-19T06:17:24.928761
William Brighenti CPA,Berlin,info@cpa-connecticut.com,2026-03-19T06:17:37.248455
Healthy Smiles,Hartford,manager@healthysmilesct.com,2026-03-19T06:17:43.811254
Le Foll Law,Hartford,tammy@lefoll.com,2026-03-19T06:19:01.687151
Vivesse Med Spa,Bloomfield,contact@vivesse.net,2026-03-19T06:19:09.145516
Holsinger PC,Pittsburgh,info@holsinger.cpa,2026-03-19T06:19:38.083861
The Air King,Detroit,info@theairking.com,2026-03-19T06:20:59.482516
New Orleans Aesthetics,New Orleans,info@neworleansaesthetics.com,2026-03-19T06:21:05.814386
Wegmann Dazet CPA,New Orleans,info@wd.cpa,2026-03-19T06:21:09.861741
Rikard & Neal CPAs PLLC,Memphis,david@rikardneal.com,2026-03-19T06:21:12.825241
Kentuckiana Property Management,Louisville,info@kypmllc.com,2026-03-19T06:22:34.708875
Bluegrass Professional Associates,Louisville,office@bpa.tax,2026-03-19T06:22:37.131971
CT Property Management,Hartford,filipe@wemanagect.com,2026-03-19T06:28:23.400506
Sirena Medical Aesthetics,Hartford,info@sirenamedspact.com,2026-03-19T06:28:39.136849
Frischhertz Electric,New Orleans,info@frischhertz.com,2026-03-19T06:33:58.731909
Ready Electric,Louisville,jquinn@readyelec.com,2026-03-19T06:34:22.381695
Chapman Heating and Cooling,Louisville,office@chapmanengineering.net,2026-03-19T06:35:33.151336
Revid Realty,Memphis,sales@revidrealty.com,2026-03-19T06:35:34.261128
A Beautiful You Medical Spa,Memphis,clientservices@abeautifulyoumedicalspa.com,2026-03-19T06:35:45.948134
Birmingham Family Dental,Birmingham,info@birminghamfamilydental.comor,2026-03-19T06:35:48.093132
Renew Wellness & Aesthetics,Oklahoma City,info@renewoklahoma.com,2026-03-19T06:37:01.504612
Sunrise Accounting & Taxation,Hartford,miguel.correa@sunrisetax.net,2026-03-19T06:40:14.446700
West Hartford Dental Group,West Hartford,info@northmaindental.net,2026-03-19T06:42:20.856513
Stump & Associates Immigration,Oklahoma City,dstump@usvisagroup.com,2026-03-19T06:42:34.207068
Laiturner Law,Oklahoma City,info@laiturnerlaw.com,2026-03-19T06:42:35.054688
Birmingham Insurance Brokers,Birmingham,contactus@bhaminsurancebrokers.com,2026-03-19T06:42:36.929125
Smart Skin Med Spa,Birmingham,info@smartskinmedspa.com,2026-03-19T06:42:42.653866
J & M Remodel,Seattle,jandm@jandmremodel.com,2026-03-19T06:42:48.377925
Preferred Digital Solutions,Raleigh,jonathan@preferreddigitalsolutions.com,2026-03-19T06:43:02.049857
Master Clean Services,San Antonio,cleaning@masterclean-sa.com,2026-03-19T06:45:37.120989
Evergreen Wealth Management,Seattle,dave@ewealthmanage.com,2026-03-19T06:46:50.816910
SEO Werkz,Salt Lake City,info@seowerkz.com,2026-03-19T06:46:53.906684
Titan Web Agency,Salt Lake City,support@titanwebagency.com,2026-03-19T06:46:54.679103
Steiner Remodel,Portland,tim@steinerremodel.com,2026-03-19T06:48:24.405619
Dion Marketing,Jacksonville,juliedion@dionmarketing.com,2026-03-19T06:49:02.691511
Solid Builders,Cary,natalie@solidbuildersonline.com,2026-03-19T06:50:20.298265
Acute SEO,Las Vegas,contact@acuteseo.com,2026-03-19T06:59:11.169334
K2 Analytics,Las Vegas,social@k2analytics.com,2026-03-19T06:59:11.875312
Austin Freight Systems,Austin,solutions@austinfreight.com,2026-03-19T06:59:21.531980
DOXA LLC,Austin,office@doxallc.net,2026-03-19T06:59:22.947512
Williamson Machine,Jacksonville,contact@williamson-machine.com,2026-03-19T06:59:26.290757
With A Little Help,Seattle,care@withalittlehelp.com,2026-03-19T06:59:33.188006
Gorilla Agency,Portland,info@gorillaagency.com,2026-03-19T07:00:51.391563
B&C Financial,Jacksonville,info@bandcfinancial.com,2026-03-19T07:01:07.095985
Riverplace Capital,Jacksonville,info@riverplacecapital.com,2026-03-19T07:01:11.812785
Austin Optometry Group,Austin,aog@austinoptometrygrp.com,2026-03-19T07:01:18.290797
Austin Eye Studio,Austin,info@austineyestudio.com,2026-03-19T07:01:19.090303
Strimling Dermatology,Las Vegas,info@strimderm.com,2026-03-19T07:01:40.073056
DeGrazia's Auto Body,Seattle,info@degraziaautobody.com,2026-03-19T07:01:47.102074
No. 1 Japanese Auto Repair,Seattle,info@numberonejapanese.com,2026-03-19T07:01:50.098683
Rose City Transportation,Portland,info@rosecitytransinc.com,2026-03-19T07:03:46.357098
Red Rattler Creative,San Antonio,getbit@redrattlercreative.com,2026-03-19T07:03:52.010610
Triangle Car Care,Raleigh,bobby@trianglecarcare.com,2026-03-19T07:03:55.490517
Wright Chiropractic,Las Vegas,info@wrightclinic.com,2026-03-19T07:04:07.086107
Service Welding,Seattle,info@servicewelding.com,2026-03-19T07:05:21.526832
Presidio Wealth Management,Salt Lake City,advice@presidiowealth.com,2026-03-19T07:05:22.295707
Lefavi Wealth Management,Salt Lake City,info@lefavi.com,2026-03-19T07:05:25.380683
Essence Chiropractic & Wellness,San Antonio,ptcoordinator@essence-chiro.com,2026-03-19T07:06:35.415211
Magnuson Metals,Salt Lake City,ls@magnusonmetals.com,2026-03-19T07:08:06.718359
OnPoint Development,Portland,info@onpointdevelop.com,2026-03-19T07:16:10.730004
Husky Senior Care,Seattle,matt@huskyseniorcare.com,2026-03-19T07:16:16.726497
Maslow Wealth Advisors,Austin,info@maslow-wealth.com,2026-03-19T07:16:26.698766
Bowers Private Wealth Management,Raleigh,bbowers@bowerspwm.com,2026-03-19T07:17:48.107267
Carolina Design & Construction,Raleigh,info@carolina-construction.com,2026-03-19T07:17:54.840543
JP's Collision & RV Repair,Salt Lake City,info@jpsrepair.com,2026-03-19T07:18:00.474368
Vitality Family Chiropractic,Jacksonville,frontdesk@vitalitycenterjax.com,2026-03-19T07:18:24.510842
Chile Media,San Antonio,info@chilemedia.com,2026-03-19T07:18:41.472579
2ten Marketing,San Antonio,jaclyn@2tenmarketing.com,2026-03-19T07:18:42.461105
Advanced Eyecare,Las Vegas,info@aeclv.com,2026-03-19T07:19:00.556048
Vibe Optometry,Austin,info@vibeoptometry.com,2026-03-19T07:19:17.734668
Jackman Eye Austin,Austin,office@jackmaneye.com,2026-03-19T07:19:18.592661
NW Modern Fabrication,Seattle,sales@nwmodernfab.com,2026-03-19T07:19:19.315704
SEO Locale,Salt Lake City,hello@seolocale.com,2026-03-19T07:19:43.972264
Nicholson Builders,Columbus,info@nicholsonbuilders.com,2026-03-19T07:20:00.574996
Options Home Services,Columbus,info@optionshomeservices.com,2026-03-19T07:20:18.332512
FYVE Marketing,Columbus,caitlin@fyvemarketing.com,2026-03-19T07:20:19.741220
Green Clean Janitorial,Columbus,info@greencleanjanitorial.com,2026-03-19T07:22:57.352671
MJ Brown Renovations,Carmel,info@mjbrownrenovations.com,2026-03-19T07:23:09.287841
Allegiance Home Health,Indianapolis,info@allegiancehealth.net,2026-03-19T07:23:14.105370
Hull Chiropractic,Indianapolis,info@hullchiropractic.com,2026-03-19T07:23:15.094428
Delta Wealth Advisors,Indianapolis,info@deltawealthadv.com,2026-03-19T07:23:33.842678
Tomlinson Manufacturing,Indianapolis,contact.us@tomlinsonmfg.com,2026-03-19T07:23:43.845253
MC Janitorial,Kansas City,mikecox@mcjanitorial.com,2026-03-19T07:27:16.643471
Buttonwood Financial Group,Kansas City,info@buttonwoodfg.com,2026-03-19T07:27:17.383951
TradeMark Construction,Baltimore,info@trademarkconstruct.com,2026-03-19T07:27:37.452521
Dewar General Contracting,Baltimore,jdewar@dewargc.com,2026-03-19T07:29:39.195609
Emerald Construction,Baltimore,info@emeraldconstruction.com,2026-03-19T07:30:03.153308
Lightning Delivers,Baltimore,info@lightningdelivers.com,2026-03-19T07:34:46.824914
Clark Machine,Baltimore,info@clarkmachine.com,2026-03-19T07:34:47.638174
JC Construction & Remodeling,Sacramento,info@jcconstruction.us,2026-03-19T07:36:11.846903
Relux Collision,Sacramento,repairs@reluxcollision.com,2026-03-19T07:37:04.327807
Ultimate Collision Center,Sacramento,info@ultimatecollisionsac.com,2026-03-19T07:38:02.579186
Kniesel's Collision,Sacramento,info@kniesels.com,2026-03-19T07:38:03.452443
The Healing Touch Chiropractic,Sacramento,reception@fixmyback.com,2026-03-19T07:38:19.465292
Nguyen Chiropractic,Sacramento,info@nguyenchiro.com,2026-03-19T07:39:24.319453
Gorman & Sons Collision Center,Richmond,autobody@gormanandsonscollision.com,2026-03-19T07:40:04.523803
RVA Wealth Management,Richmond,info@rvawm.com,2026-03-19T07:40:11.016301
Covenant Wealth Advisors,Richmond,info@mycwa.com,2026-03-19T07:40:12.115121
Armes Precision,Richmond,sales@apmfllc.com,2026-03-19T07:40:44.600034
Greater Cincinnati Chiropractic,Cincinnati,info@greatercincychiro.com,2026-03-19T07:40:49.887152
CincySkin Medical & Cosmetic Dermatology,Cincinnati,admin@cincyskin.com,2026-03-19T07:40:58.176875
Incline Wealth Advisors,Cincinnati,johnbovard@incline-wealth.com,2026-03-19T07:42:11.761437
Wealth Dimensions,Cincinnati,info@wealthdimensions.com,2026-03-19T07:42:12.500791
Foster & Motley,Cincinnati,info@fosterandmotley.com,2026-03-19T07:42:13.282593
Kessler Construction,Cincinnati,office@kessler-construction.com,2026-03-19T07:42:22.661515
Frier Custom Manufacturing,Kenosha,info@friercustom.com,2026-03-19T07:42:34.284564
Brewer Contracting,Milwaukee,office@brewercontracting.com,2026-03-19T07:47:17.680072
ADM Contractors,Milwaukee,sales@admcontractors.com,2026-03-19T07:47:18.518965
Cove Financial Planning,Milwaukee,ben@coveplanning.com,2026-03-19T07:47:19.419435
Med Group Home Health Care,Milwaukee,info@medgrouphh.com,2026-03-19T07:48:29.572418
ANS Home Health Services,Milwaukee,contact@anshomecare.com,2026-03-19T07:48:30.342142
Agape Home Health Care,Milwaukee,service@agapehomewi.com,2026-03-19T07:48:31.216488
Stratus Building Solutions Milwaukee,Milwaukee,sales@stratusclean.com,2026-03-19T07:48:33.971317
Worthington Design & Remodeling,Indianapolis,customerservice@worthingtonindy.com,2026-03-19T07:48:35.926335
SYNERGY HomeCare Columbus,Worthington,ronschulman@synergyhomecare.com,2026-03-19T07:50:17.181530
Baltimore Hydraulics,Baltimore,info@balhyd.com,2026-03-19T07:50:18.951092
Bertolucci's Body Shop,Sacramento,info@bertoluccis.com,2026-03-19T07:51:52.378519
Madison+Main,Richmond,shout@madisonmain.com,2026-03-19T07:52:01.306167
Virginia Estate and Retirement Planning,Richmond,info@myverpa.com,2026-03-19T07:54:14.689170
Momentic,Milwaukee,info@momenticmarketing.com,2026-03-19T07:54:19.359125
NovaDius Wealth Management,Overland Park,advice@novadius.com,2026-03-19T07:54:41.888529
Keen Wealth Advisors,Kansas City,info@keenwealthadvisors.com,2026-03-19T07:54:43.225807
Innovision Business Solutions,Sacramento,info@innovisionbiz.com,2026-03-19T07:55:00.710208
New Day Creative,Columbus,info@newdaycreative.co,2026-03-19T07:57:27.118598
Trucks Freight,Columbus,sales@trucksfreight.com,2026-03-19T07:57:39.291200
Rite Choice Home Health Care,Canton,info@ritechoicehhc.com,2026-03-19T07:58:19.850216
Precise Home Health Care Services,Detroit,info@precisehomehealthcareservices.com,2026-03-19T07:58:23.738092
Design the Planet,New Orleans,a@designtheplanet.com,2026-03-19T07:58:26.685563
Deep South Freight,Birmingham,info@deepsouthfreight.com,2026-03-19T08:00:01.507122
SKY Investment Group,Hartford,info@skyig.com,2026-03-19T08:00:05.152307
Golla Center for Dermatology,Weirton,info@golladermatology.com,2026-03-19T08:00:21.156107
Horvath Dermatology Associates,Pittsburgh,bhorvath@horvathdermatology.com,2026-03-19T08:00:23.134228
Elevate Construction,Birmingham,jeremy@elevatebham.com,2026-03-19T08:03:04.070908
Building Butlers Inc,St. Louis,info@buildingbutlers.com,2026-03-19T08:06:26.878144
Fayer Family Home Care,Pittsburgh,happy@homecarepgh.com,2026-03-19T08:06:34.775221
Mason's Professional Cleaning Service LLC,Memphis,customerservice@masonprofessionalcleaningservicellc.com,2026-03-19T08:08:56.480004
Beyond Cleaning,Oklahoma City,info@beyondjanitorial.com,2026-03-19T08:12:42.304759
Summit Machine Co Inc,Alverton,andyd@summitmachinecompany.com,2026-03-19T08:12:59.107592
Cleaning Concierge,New Orleans,info@mycleaningconcierge.com,2026-03-19T08:13:15.186621
Siren Media LLC,Oklahoma City,alyssa@sirenmediaokc.com,2026-03-19T08:13:19.235674
Digital Uptrend,Oklahoma City,info@digitaluptrend.com,2026-03-19T08:13:20.342622
Red Door Wealth Management,Memphis,hello@reddoorwealth.com,2026-03-19T08:13:56.842259
Duncan Williams Asset Management,Memphis,info@dwassetmgmt.com,2026-03-19T08:13:57.729566
Hallmark Homecare East Louisville,Louisville,mike@hallmarkhomecare.com,2026-03-19T08:15:06.107675
P & J Cleaning Service LLC,Hartford,contact@pandjcleaningservice.com,2026-03-19T08:15:30.584251
Berg Tool,Chesterfield,quotes@bergtool.com,2026-03-19T08:15:31.298400
Martha's Hands Home Care,St. Louis,info@marthashands.com,2026-03-19T08:16:44.923321
Quillen Construction Group,New Orleans,info@qcgnola.com,2026-03-19T08:17:02.201208
Power Transport,Memphis,jgore@powertransport.net,2026-03-19T08:17:10.931112
Smith Express Inc,Memphis,contact@smithexpressinc.com,2026-03-19T08:17:11.817126
Timberchase Financial,Birmingham,bhancock@timberchase.net,2026-03-19T08:18:16.724874
Mattingly Chiropractic,St. Louis,info@drdusty.com,2026-03-19T08:20:51.103950
SGH Wealth Management,Detroit,info@sghwm.com,2026-03-19T08:22:14.945170
Blue Chip Partners,Detroit,info@bluechippartners.com,2026-03-19T08:23:19.991894
Joly's Metal Works Inc,New Orleans,estimating@jolys.com,2026-03-19T08:23:51.963621
Good Hands Home Care,Memphis,info@goodhandcares.com,2026-03-19T08:26:05.613049
Centerline Wealth Advisors,Louisville,info@centerlinewealth.com,2026-03-19T08:26:14.947911
Captiva Marketing,St. Louis,info@captiva-marketing.com,2026-03-19T08:29:51.413220
Insite Advice,St. Louis,alex@insiteadvice.com,2026-03-19T08:29:54.351943
STL Search Marketing and SEO,St. Louis,support@stlsearchmarketing.com,2026-03-19T08:29:55.326949
Total Health Chiropractic Memphis,Memphis,contactus@memphistotalhealth.com,2026-03-19T08:32:26.873408
Associated Dermatologists,Birmingham,info@associatedderm.net,2026-03-19T08:35:58.945751
MMA Financial Advisors,Memphis,mmagroup@lpl.com,2026-03-19T08:36:28.937118
ACME Construction,Oklahoma City,leads@acmeok.com,2026-03-19T08:37:48.890598
Hartford Elderly Services LLC,Hartford,info@hartfordelderlyservices.com,2026-03-19T08:37:51.949432
Constitution Construction,West Hartford,info@constitutionllc.com,2026-03-19T08:37:52.725336
Sunny Days In-Home Care,Pittsburgh,info@sunnydaysinhomecare.com,2026-03-19T08:38:02.980226
Pittsburgh Skin,Pittsburgh,info@pittsburghskin.com,2026-03-19T08:39:09.188740
SEOteric New Orleans,New Orleans,info@seoteric.com,2026-03-19T08:41:23.243687
Home Care Solutions New Orleans,New Orleans,info@homecareneworleans.com,2026-03-19T08:41:25.220244
Roberson Machine Company St. Louis,St. Louis,info@robersontool.com,2026-03-19T08:41:29.045618
SEOteric Louisville,Louisville,info@seoteric.com,2026-03-19T08:42:32.714368
INTELUS Wealth Management,Birmingham,info@inteluswm.com,2026-03-19T08:42:37.217392
Tom Madden & Sons Construction,St. Louis,info@maddenconstruction.com,2026-03-19T08:43:25.492326
Buck Kreihs Marine Repair,New Orleans,info@bkco.us,2026-03-19T08:43:30.630522
Tennessee Cleaning Authority,Memphis,coreyshepherd@tennesseecleaningauthority.com,2026-03-19T08:43:48.567940
Webology Birmingham,Birmingham,blake@webology.io,2026-03-19T08:43:51.556677
Coates Design Architects,Seattle,viyada@coatesdesign.com,2026-03-19T08:44:19.852280
Weaver Architects,Seattle,info@weaverarch.com,2026-03-19T08:44:21.319980
McClellan Tellone,Seattle,info@mccarch.com,2026-03-19T08:44:22.175245
BuildingWork,Seattle,hello@buildingwork.design,2026-03-19T08:44:26.662840
Matt Fajkus Architecture,Austin,info@mfarchitecture.com,2026-03-19T08:44:31.835712
Winn Wittman Architecture,Austin,info@winnwittman.com,2026-03-19T08:44:34.125984
Atlantis Architects,Austin,db@atlantisarchitects.com,2026-03-19T08:44:35.132872
ZINN Architecture,Jacksonville,info@zinn.ai,2026-03-19T08:44:51.255403
Alpha & Omega Group,Raleigh,info@aogroup.com,2026-03-19T08:45:03.792532
MKE & Associates,Portland,engineering@mke-inc.com,2026-03-19T08:45:09.062629
Givler Engineering,San Antonio,info@givlerengineering.com,2026-03-19T08:45:12.538936
Jessica Helgerson Interior Design,Portland,order@jhinteriordesign.com,2026-03-19T08:45:29.647827
Casework Interior Design,Portland,hello@casework.it,2026-03-19T08:45:30.505901
Younique Designs,San Antonio,contact@myyouniquedesigns.com,2026-03-19T08:45:34.787857
Shades of Gray Design Studio,San Antonio,concierge@shadesofgraydesign.com,2026-03-19T08:45:35.908104
Mint Events,Austin,info@minteventdesign.com,2026-03-19T08:48:02.780081
In The Event,Salt Lake City,info@intheevent.com,2026-03-19T08:48:05.504958
Michelle Leo Events,Salt Lake City,michelle@michelleleoevents.com,2026-03-19T08:48:06.584385
LoveLee Events,Jacksonville,admin@loveleeeventsjax.com,2026-03-19T08:48:08.482994
Southern Charm Events,Jacksonville,weddings@southerncharmevents.com,2026-03-19T08:48:09.709841
Dairing Events,Jacksonville,adair@dairingevents.com,2026-03-19T08:48:11.135051
Corporate 1 Events,Jacksonville,paul@corporate1events.com,2026-03-19T08:48:12.297180
ECO Car Wash,Portland,marketing@ecocarwash.com,2026-03-19T08:48:18.104822
Happy Bunnies Daycare,Austin,info@happybunnies.com,2026-03-19T08:48:38.299687
E3 Restaurant Group,Seattle,info@e3restaurantgroup.com,2026-03-19T08:48:43.267260
Relay Restaurant Group,Seattle,info@relayrestaurantgroup.com,2026-03-19T08:49:00.753715
Feedme Hospitality,Seattle,info@feedmehrg.com,2026-03-19T08:49:01.909024
Future Restaurant Group,Las Vegas,info@frglv.com,2026-03-19T08:49:18.946823
Ladyfingers Catering,Raleigh,info@ladyfingersofraleigh.com,2026-03-19T08:52:36.601362
Cannon Catering,Raleigh,info@cannoncatering.com,2026-03-19T08:52:40.031914
Cut & Taste,Las Vegas,info@cutandtastelv.com,2026-03-19T08:52:50.107619
Quack's Bakery,Austin,bakery@quacksbakery.com,2026-03-19T08:53:01.381083
Bakeshop PDX,Portland,info@bakeshoppdx.com,2026-03-19T08:53:05.592658
Jax Bread Co,Jacksonville,info@jaxbread.com,2026-03-19T08:54:16.219394
Larry Myers Garage Doors,Portland,info@larrymyersgaragedoors.com,2026-03-19T08:54:21.597505
Accurate Garage Door Services,Las Vegas,richard@accurategarage.com,2026-03-19T08:54:27.677878
Apex Garage Doors,Las Vegas,apexgaragedoorsllc.nv@gmail.com,2026-03-19T08:54:53.023689
Martin Garage Doors of Nevada,Las Vegas,info@martingaragedoor.com,2026-03-19T08:55:57.003969
Superior Pools NC,Raleigh,peter@superiorpoolsnc.com,2026-03-19T08:56:01.853946
Kyzer Pool & Spa,Las Vegas,info@kyzerpools.com,2026-03-19T08:58:22.533250
Clean Living Pool & Spa,Las Vegas,service@cleanlivingpoolandspa.com,2026-03-19T08:58:23.492960
Champion Movers,Las Vegas,info@championmovers1.com,2026-03-19T09:03:16.954648
The Smoove Movers,Portland,info@thesmoovemovers.com,2026-03-19T09:05:30.622442
Raleigh Moving Company,Raleigh,contact@raleighmovingcompany.com,2026-03-19T09:05:47.592537
Sasquatch Junk Removal,Seattle,info@sasquatchjunkremoval.com,2026-03-19T09:07:06.224075
Dr. Kat Lopez Weight Loss,Portland,hi@drkatlopez.com,2026-03-19T09:07:19.962800
OBI BioAesthetic Institute,Jacksonville,patientcare@obiinstitute.com,2026-03-19T09:07:21.487186
Advanced Medical Weight Loss,Salt Lake City,derekmuse@advancedmedicalweightloss.com,2026-03-19T09:07:29.004836
IV Drip Ladies LLC,Austin,donna@ivdripladies.com,2026-03-19T09:07:44.828551
Vital Infusions & Performance,Las Vegas,info@vitalinfusionsandperformance.com,2026-03-19T09:07:45.719816
Innovative Primary Care,San Antonio,hello@innovativeuc.com,2026-03-19T09:08:03.215035
Salt Lake Speech & Cognitive Therapy,Salt Lake City,catharine@saltlakespeech.com,2026-03-19T09:08:11.575758
Therapy Corps,Austin,info@therapycorpstexas.com,2026-03-19T09:08:17.663565
Sol Speech & Language Therapy,Austin,hello@solspeechandlanguage.com,2026-03-19T09:08:18.488626
Southern Nevada Audiology,Las Vegas,info@snaudiology.com,2026-03-19T09:08:39.426060
Schulte Design Associates,Jacksonville,info@schultedesign.com,2026-03-19T09:10:40.228277
Micamy Design Studio,Jacksonville,info@micamydesign.com,2026-03-19T09:10:41.285714
Royalty Pools LLC,Las Vegas,danny@royaltypoolslasvegas.com,2026-03-19T09:11:58.911127
Contour Fence,Seattle,sales@contourfence.com,2026-03-19T09:14:27.833089
IV Bird,Austin,info@ivbird.com,2026-03-19T09:14:58.354712
Regenerate Me,Las Vegas,info@regenerateme.com,2026-03-19T09:15:06.129120
Tavvy Speech Therapy,Jacksonville,kristine.tavrisov@tavvyspeech.com,2026-03-19T09:15:23.322120
Caseys Movers,Portland,sales@caseysmovers.com,2026-03-19T09:18:51.200005
PRI Productions,Jacksonville,info@priproductions.com,2026-03-19T09:19:04.777255
SPC Event & Management,Austin,info@spceventmgt.com,2026-03-19T09:19:19.098621
Sweet Briar CDC Austin,Austin,director@sweetbriarcdc.com,2026-03-19T09:22:56.912775
Divine Events Las Vegas,Las Vegas,info@divineeventslv.com,2026-03-19T09:23:16.505397
A1 Floors Raleigh,Raleigh,sales@a1floorsnc.com,2026-03-19T09:23:54.086602
NW Engineers Portland,Portland,info@nw-eng.com,2026-03-19T09:25:33.296895
ELM Architecture Jacksonville,Jacksonville,connect@elmplan.com,2026-03-19T09:26:49.029804
BBCO Design,Columbus,info@bbcodesign.com,2026-03-19T09:26:52.725599
Madden McFarland,Kansas City,info@maddenmcfarland.com,2026-03-19T09:29:03.984723
ML Designs,Kansas City,desree@mldesignskc.com,2026-03-19T09:29:05.941281
LaMira Interiors,Kansas City,hello@lamirainteriors.com,2026-03-19T09:29:06.765460
Do An Event,Sacramento,info@doanevent.com,2026-03-19T09:30:18.674519
Dragonfly Events & Co,Sacramento,hello@dragonflyeventsandco.com,2026-03-19T09:30:19.683719
Sacramento Event Planners,Sacramento,dawn@saceventplanners.com,2026-03-19T09:30:20.386673
Hudsons Edge Catering,Columbus,info@hudsons-edge.com,2026-03-19T09:32:40.604998
KC Pool Guys,Kansas City,service@kcpoolguys.com,2026-03-19T09:35:19.727583
SMILES Integrative Therapy Services,Loveland,info@smilestherapy.com,2026-03-19T09:37:49.709581
Elite Kids Therapy,Cincinnati,info@elitekidstherapy.com,2026-03-19T09:37:56.415934
Lions Pride Flooring,Milwaukee,info@dev.com,2026-03-19T09:38:06.877863
Mills Fence,Columbus,info@millsfence.com,2026-03-19T09:38:10.958084
Bowden Fence,Columbus,sales@bowdenfence.com,2026-03-19T09:38:13.651335
Fox and Bull Baking Co,Kansas City,contact@foxandbullkc.com,2026-03-19T09:38:28.082864
AIMS Urgent Care,Sacramento,info@aimsuc.com,2026-03-19T09:38:38.123726
MD Urgent Care Inc,Sacramento,customerservice@mduc.org,2026-03-19T09:38:42.662919
TrimMD,Indianapolis,contact@mytrimmd.com,2026-03-19T09:40:34.208090
Elite Fence KC,Kansas City,office@elitefencekc.com,2026-03-19T09:40:48.670587
Discard Junk Removal,Sacramento,sales@discardjunk.com,2026-03-19T09:41:02.806662
SMS Architects,Richmond,scott@smsarchitect.com,2026-03-19T09:42:17.691675
Golden State Design & Engineering,Sacramento,office@goldenstatede.com,2026-03-19T09:42:26.802605
Block Party Event Co,Cincinnati,hello@blockpartyeventco.com,2026-03-19T09:42:42.532887
Pool Scouts of Richmond,Richmond,richmond@poolscouts.com,2026-03-19T09:42:47.083627
SwimRight Pool and Spa,Richmond,info@swimrightva.com,2026-03-19T09:42:55.066528
Move Smooth,Sacramento,lets@movesmooth.me,2026-03-19T09:43:01.802739
Lifetime Door,Milwaukee,sales@lifetimedoor.net,2026-03-19T09:44:27.650229
DoorMaster Garage Door Co,Greenfield,steve@doormasterco.com,2026-03-19T09:44:32.080893
Rejuvenate You,Columbus,drpaula@rejuvenateyouohio.com,2026-03-19T09:44:36.142960
Studio Black Ink,Columbus,hello@studioblackink.com,2026-03-19T09:44:43.550020
Peace and Pine Designs,Columbus,hello@peaceandpinedesigns.com,2026-03-19T09:44:44.618596
East & Gray Interiors,Columbus,hello@eastandgrayinteriors.com,2026-03-19T09:44:47.342257
Townes Site Engineering,Richmond,info@cctownes.com,2026-03-19T09:44:48.873817
Fulcrum Engineering Solutions,Richmond,info@fulcrumpllc.com,2026-03-19T09:44:51.849553
Indys Finest Fence,Indianapolis,sales@indysfinestfence.com,2026-03-19T09:44:53.577103
Good Shepherd Fence Company,Indianapolis,sales@goodshepherdfencecompany.com,2026-03-19T09:44:54.388957
Waldo Bowers Floor Covering,Sacramento,waldobowersflrs@cs.com,2026-03-19T09:45:15.742363
SAWS Flooring,Sacramento,denny@sawsflooring.com,2026-03-19T09:45:25.741462
MoveJunk VA,Richmond,info@movejunkva.com,2026-03-19T09:46:52.498735
Get My Junk,Richmond,info@getmyjunk.com,2026-03-19T09:46:53.450002
Armons Catering,Milwaukee,info@armons.com,2026-03-19T09:49:02.965653
KC Bariatric,Kansas City,staff@kcbariatric.com,2026-03-19T09:49:53.509467
K1ds Count Therapy,Indianapolis,info@kctherapy.com,2026-03-19T09:52:26.416767
Indy Speech Therapy,Indianapolis,taylor@indyspeechtherapy.com,2026-03-19T09:52:29.777841
Bobs Overhead Door,Baltimore,info@bobsohd.com,2026-03-19T09:55:59.651465
MasterCare Flooring,Baltimore,info@mastercarefloors.com,2026-03-19T09:57:10.051175
Willie Fun Events,Milwaukee,info@williefun.com,2026-03-19T09:57:46.317707
Generator Studio,Kansas City,design@generatorstudio.com,2026-03-19T10:00:17.230562
K1ds Count Therapy Indianapolis,Indianapolis,info@kctherapy.com,2026-03-19T10:00:20.254529
Mae Fence Company,Columbus,info@maefence.com,2026-03-19T10:00:40.061295
Sumer Innovations,Sacramento,contact@sumerinnovations.com,2026-03-19T10:02:55.593590
MIN+ Architecture,St. Louis,info@minplusarch.com,2026-03-19T10:03:03.767977
TAI+LEE Architects,Pittsburgh,mail@taipluslee.com,2026-03-19T10:03:09.462304
Wildman Chalmers Design,Pittsburgh,info@wildmanchalmers.com,2026-03-19T10:03:10.282564
The Hopkins Company Architects,New Orleans,office@hopkinsco.com,2026-03-19T10:03:18.884726
NANO Architecture,New Orleans,info@nanollc.net,2026-03-19T10:03:19.777017
Crump Firm Architects,Memphis,info@crumpfirm.com,2026-03-19T10:04:49.399813
Green Couch Design,Oklahoma City,hello@greencouchdesign.net,2026-03-19T10:04:51.690232
Stone Howley Architects,West Hartford,info@stonehowley.com,2026-03-19T10:04:56.158351
Engineers of the South,Birmingham,info@engineersofthesouth.com,2026-03-19T10:05:05.209767
Innovative Engineering Services LLC,Memphis,admin@innovativees-llc.com,2026-03-19T10:06:11.828104
Haltom Engineering LLC,Memphis,info@haltomengineering.com,2026-03-19T10:06:23.966609
The Reaves Firm,Memphis,info@reavesfirm.com,2026-03-19T10:06:25.034526
ILSI Engineering,New Orleans,corporate@ilsiengineering.com,2026-03-19T10:06:34.549068
Moses Engineers,New Orleans,admin@mosesengineers.com,2026-03-19T10:06:35.555022
Poe & Associates,Oklahoma City,info@poeandassociates.com,2026-03-19T10:07:12.458492
Russell and Dawson Inc.,East Hartford,info@rdaep.com,2026-03-19T10:07:13.401231
Macchi Engineers LLC,Hartford,nstone@macchiengineers.com,2026-03-19T10:07:14.887964
East-West Engineering,Hartford,info@east-westengineering.com,2026-03-19T10:07:21.437457
Onyx Enterprise Inc.,Detroit,tbuckles@onyx-enterprise.com,2026-03-19T10:07:23.844119
Micah & Co. Interiors,Oklahoma City,contact@micahandco.com,2026-03-19T10:07:33.435399
A-Line Designs,Oklahoma City,admin@a-linedesigns.com,2026-03-19T10:07:39.503118
Neely+Queen Design,Oklahoma City,travis@neelyqueen.com,2026-03-19T10:08:24.605554
Maggie Clarke Interiors,Memphis,maggie@maggieclarkeinteriors.com,2026-03-19T10:08:25.541472
B. Gaines Interior Design,Germantown,becca@bgainesinteriordesign.com,2026-03-19T10:08:30.772891
GCD Interiors,Memphis,office@gcdinteriors.com,2026-03-19T10:08:32.464199
Cure Design Group,St. Louis,contact@curedesigngroup.com,2026-03-19T10:09:44.197768
Lisa Lynn Designs,Louisville,kevin@lisalynndesignsllc.com,2026-03-19T10:09:52.107733
Connor & Co.,Memphis,hello@connorandco.com,2026-03-19T10:10:07.870149
Moxi Childcare,Birmingham,hello@moxichildcare.com,2026-03-19T10:10:48.149584
HumanKind Hospitality,Oklahoma City,info@feedhumankind.com,2026-03-19T10:10:57.995425
Eat Across the Board,Memphis,catering@eatacrosstheboard.com,2026-03-19T10:11:03.584313
The Link Restaurant Group,New Orleans,info@linkrestaurantgroup.com,2026-03-19T10:11:55.868023
Rizzuto Restaurant Group,New Orleans,michelle@rizzuto-group.com,2026-03-19T10:12:22.462766
Niche Food Group,St. Louis,info@nichestlouis.com,2026-03-19T10:12:23.332354
Bengelina Hospitality Group,St. Louis,info@bengelina.com,2026-03-19T10:12:28.903185
Bourassa Catering & Events,Hartford,info@bourassacatering.com,2026-03-19T10:13:53.481544
Cafe Louise,Hartford,louise@cafelouise.com,2026-03-19T10:13:56.261008
Happy Catering Company,Birmingham,info@happycatering.net,2026-03-19T10:15:07.734872
Catering St. Louis Events,St. Louis,info@cateringstlouis.com,2026-03-19T10:15:10.982245
Muddy's Bake Shop,Memphis,info@stagheaddesigns.com,2026-03-19T10:15:14.135657
Daughters Baking,Birmingham,orders@daughtersbaking.com,2026-03-19T10:15:18.941174
ABC Door Company,Roseville,sales@abcgaragedoorllc.com,2026-03-19T10:16:41.995919
Cox Pools,Birmingham,service@coxpoolsinc.com,2026-03-19T10:22:04.524092
Soto Flooring,Oklahoma City,mike@sotoflooring.com,2026-03-19T10:22:49.760549
Fred the Fence Guy,Pittsburgh,contact@sansoxygen.com,2026-03-19T10:22:51.599032
The Fenceman New Orleans,New Orleans,jimmie@thefenceman-neworleans.com,2026-03-19T10:24:12.037428
Arch Moving,St. Louis,sales@archmoving.com,2026-03-19T10:24:20.565168
McGuire Moving & Storage,St. Louis,info@mcguiremoving.com,2026-03-19T10:25:12.728027
Atmosphere Movers,Mandeville,info@atmospheremovers.com,2026-03-19T10:25:20.673784
Moving Nola,New Orleans,alex@movingnola.com,2026-03-19T10:25:22.109316
Clean City Hauling,Memphis,info@cleancityhauling.com,2026-03-19T10:25:30.776292
Elite Care IV,Oklahoma City,admin@elitecareiv.com,2026-03-19T10:25:56.071031
Revive Clinic,Oklahoma City,info@reviveokc.com,2026-03-19T10:25:56.961896
Fresh Infusion,St. Louis,info@freshinfusioniv.com,2026-03-19T10:26:02.615012
All Around Healthcare,Louisville,info2@allaroundhealthcare.com,2026-03-19T10:26:15.655591
Sandy Speaks Therapy,Detroit,mikayla@sandyspeakstherapy.com,2026-03-19T10:26:29.277842
Speech Unbound,Clinton Township,office@speechunbound.com,2026-03-19T10:26:33.014110
DORO Catering & Events,Hartford,dorocateringandevents@dororg.com,2026-03-19T10:30:38.658499
Billy Branch Pool Service,Birmingham,billybranchpoolservice@gmail.com,2026-03-19T10:32:44.372012
Westside Fence Company,New Orleans,info@westsidefence.com,2026-03-19T10:32:46.913316
Penn Fencing,Pittsburgh,info@pennfence.com,2026-03-19T10:33:52.298883
West Metro Door,Taylor,office@westmetrodoor.com,2026-03-19T10:34:58.059746
Zumwalt Corporation,St. Louis,sales@zumwaltcorporation.com,2026-03-19T10:35:03.688298
Ground Floor Contractors,Louisville,info@groundfloorcontractors.com,2026-03-19T10:35:11.009600
Right Way Hauling,Louisville,start@rightwayhauling.com,2026-03-19T10:35:21.763038
Palmer Moving Services,Detroit,palmer@palmermoving.com,2026-03-19T10:35:23.508273
Kaufman Children's Center,Detroit,info@kidspeech.com,2026-03-19T10:40:37.142952
Fitzgerald Associates Architecture,Oklahoma City,fitz@fitzarch.com,2026-03-19T10:40:42.189806
Cornerstone Architecture,Oklahoma City,slabeth@ca-ok.com,2026-03-19T10:40:46.089984
Colleen Simonds Interior Design,Pittsburgh,info@colleensimonds.com,2026-03-19T10:46:18.113493
Verce Design,Oakland County,hello@vercedesign.com,2026-03-19T10:46:28.483459
Kristine Bates Interiors,Oklahoma City,kbatesokc@gmail.com,2026-03-19T10:48:02.365450
Christopher Architecture and Interiors,Birmingham,info@christopherai.com,2026-03-19T10:48:09.360145
